年月,日,3-1氣温(℃)-平均
200002,16,2.9
200002,8,3.1
200002,19,3.1
200002,15,4.1
200002,9,4.2
200002,1,4.4
200002,10,4.7
200002,25,4.8
200002,17,5
200002,22,5.2
200002,23,5.3
200002,29,5.5
200002,26,5.8
200002,24,5.9
200002,3,6.2
200002,18,6.2
200002,27,6.3
200002,28,6.3
200002,2,6.4
200002,5,6.4
200002,4,6.7
200002,11,6.9
200002,12,6.9
200002,21,7
200002,13,7.1
200002,7,8.1
200002,20,8.3
200002,6,9.3
200002,14,9.9
200003,1,4.9
200003,11,5.3
200003,9,6.9
200003,10,7.1
200003,8,7.2
200003,2,7.8
200003,7,8.6
200003,12,8.8
200003,21,8.8
200003,14,9.1
200003,18,9.3
200003,3,9.5
200003,20,9.9
200003,13,10
200003,15,10
200003,17,10.1
200003,23,10.3
200003,25,10.4
200003,29,10.7
200003,31,10.9
200003,22,11
200003,6,11.1
200003,24,11.2
200003,19,11.6
200003,30,11.8
200003,16,12.3
200003,4,12.4
200003,5,12.4
200003,28,12.4
200003,26,13.5
200003,27,15.4
200004,2,10.5
200004,4,11.9
200004,1,12.5
200004,3,12.8
200004,6,12.8
200004,7,13
200004,16,13.1
200004,30,13.2
200004,11,13.6
200004,12,13.7
200004,26,13.7
200004,13,13.8
200004,8,13.9
200004,15,14
200004,17,14
200004,5,14.3
200004,9,14.3
200004,29,14.4
200004,28,14.6
200004,18,14.7
200004,25,14.8
200004,27,15.6
200004,24,15.7
200004,21,15.8
200004,19,16.1
200004,10,16.4
200004,20,16.9
200004,14,17.4
200004,22,17.7
200004,23,17.8
200005,13,15.8
200005,16,15.9
200005,3,16.4
200005,4,16.4
200005,15,16.5
200005,12,16.6
200005,1,16.9
200005,17,17.4
200005,2,17.5
200005,11,17.5
200005,14,17.7
200005,8,17.8
200005,9,18
200005,5,18.2
200005,31,18.4
200005,18,18.6
200005,20,18.6
200005,6,18.8
200005,19,18.8
200005,30,18.8
200005,27,19.1
200005,21,19.2
200005,7,19.3
200005,22,19.4
200005,10,19.8
200005,23,21.7
200005,26,21.8
200005,29,22.2
200005,25,23.1
200005,24,23.8
200005,28,24.2
200006,17,18.7
200006,10,18.8
200006,11,18.8
200006,4,19
200006,12,19.1
200006,3,19.2
200006,5,19.7
200006,9,20.3
200006,6,20.6
200006,13,20.6
200006,2,21
200006,18,21.6
200006,14,21.7
200006,7,21.8
200006,8,22
200006,1,22.2
200006,28,22.2
200006,22,22.8
200006,21,22.9
200006,15,23.2
200006,29,24
200006,24,24.1
200006,16,24.2
200006,19,24.3
200006,26,24.4
200006,20,25
200006,25,25.2
200006,27,25.9
200006,30,26.5
200006,23,28.6
200007,9,24.6
200007,10,25.6
200007,27,25.6
200007,11,25.9
200007,8,26.1
200007,6,26.3
200007,13,26.3
200007,5,26.4
200007,3,26.5
200007,25,26.5
200007,7,26.6
200007,4,26.7
200007,26,26.9
200007,16,27.1
200007,28,27.1
200007,2,27.3
200007,12,27.3
200007,1,27.4
200007,31,27.5
200007,14,27.6
200007,29,27.6
200007,15,27.7
200007,17,28.4
200007,30,28.4
200007,24,28.6
200007,18,28.8
200007,19,28.9
200007,20,29.7
200007,21,30.1
200007,22,30.3
200007,23,30.8
200102,17,4
200102,3,4.6
200102,14,4.9
200102,9,5.1
200102,2,5.3
200102,11,5.3
200102,26,5.3
200102,4,5.4
200102,12,5.5
200102,15,5.5
200102,16,5.6
200102,10,5.7
200102,13,5.9
200102,18,6.6
200102,25,6.7
200102,27,6.7
200102,1,6.9
200102,5,7.4
200102,8,7.5
200102,20,8.1
200102,21,8.8
200102,7,9.1
200102,6,10.1
200102,19,10.5
200102,24,11
200102,22,11.6
200102,23,11.6
200102,28,12.4
200103,9,3.4
200103,8,4.4
200103,12,6.6
200103,4,7
200103,11,7.2
200103,13,7.3
200103,31,7.8
200103,10,8
200103,5,8.1
200103,2,9.3
200103,16,9.4
200103,3,9.5
200103,29,9.6
200103,30,9.9
200103,17,10.4
200103,1,10.5
200103,7,10.7
200103,14,10.8
200103,27,10.9
200103,6,11.6
200103,19,12.2
200103,18,13
200103,28,13
200103,20,13.1
200103,25,13.6
200103,24,13.8
200103,26,13.8
200103,23,14.6
200103,21,14.8
200103,22,15.7
200103,15,15.9
200104,1,8.3
200104,4,11.2
200104,2,11.6
200104,21,12.3
200104,5,12.5
200104,3,13.9
200104,23,14.1
200104,26,14.1
200104,6,14.3
200104,12,14.3
200104,27,14.6
200104,22,14.8
200104,25,14.8
200104,18,14.9
200104,9,15
200104,13,15.4
200104,16,15.5
200104,15,15.6
200104,29,15.7
200104,24,15.8
200104,7,15.9
200104,30,16
200104,19,16.7
200104,17,16.8
200104,28,16.8
200104,20,17.1
200104,14,17.3
200104,8,17.8
200104,11,17.9
200104,10,19
200105,2,15.2
200105,1,16
200105,4,16.2
200105,3,16.8
200105,5,17.2
200105,12,17.8
200105,13,18.5
200105,18,18.5
200105,22,18.5
200105,11,18.6
200105,30,18.7
200105,24,19
200105,23,19.2
200105,6,19.3
200105,21,19.4
200105,7,20
200105,10,20.2
200105,14,20.2
200105,25,20.3
200105,8,20.4
200105,19,20.5
200105,15,20.6
200105,17,21
200105,31,21
200105,27,21.2
200105,9,21.3
200105,20,21.7
200105,28,21.8
200105,29,21.8
200105,26,22.8
200105,16,23.1
200106,14,20.2
200106,23,20.2
200106,21,20.5
200106,5,20.6
200106,22,21
200106,13,21.2
200106,1,21.3
200106,2,21.7
200106,15,21.8
200106,16,22
200106,3,22.1
200106,4,22.2
200106,6,22.3
200106,7,22.9
200106,17,22.9
200106,8,23
200106,20,23.3
200106,9,23.6
200106,12,23.6
200106,10,23.8
200106,24,23.8
200106,11,23.9
200106,29,24.6
200106,28,25.3
200106,19,25.9
200106,18,26.2
200106,25,27.7
200106,27,27.8
200106,26,28.1
200106,30,28.9
200107,6,22.9
200107,7,23.7
200107,11,24.8
200107,12,25
200107,17,25
200107,8,25.3
200107,18,26
200107,10,26.3
200107,9,26.4
200107,13,26.7
200107,19,26.9
200107,15,27.1
200107,16,27.2
200107,5,27.6
200107,4,27.7
200107,31,27.7
200107,14,27.8
200107,27,27.8
200107,21,28
200107,20,28.1
200107,3,28.4
200107,30,28.6
200107,2,28.7
200107,28,28.9
200107,29,29
200107,1,29.5
200107,22,29.5
200107,26,29.7
200107,23,29.8
200107,24,30.2
200107,25,30.5
200202,1,4.4
200202,11,5.2
200202,2,5.3
200202,15,5.4
200202,10,5.8
200202,19,5.9
200202,13,6.3
200202,16,6.4
200202,12,6.8
200202,14,7.2
200202,4,7.4
200202,8,7.4
200202,20,7.4
200202,5,7.7
200202,25,8.1
200202,6,8.2
200202,21,8.3
200202,17,8.8
200202,18,8.9
200202,3,9.2
200202,9,9.4
200202,26,9.4
200202,7,9.5
200202,23,9.6
200202,27,10.3
200202,24,10.7
200202,28,11.1
200202,22,12.3
200203,8,8
200203,7,8.1
200203,9,8.1
200203,4,9.1
200203,3,9.4
200203,2,9.9
200203,25,10.1
200203,22,10.7
200203,1,11
200203,5,11
200203,24,11
200203,6,11.2
200203,13,11.5
200203,28,11.5
200203,23,11.6
200203,12,12.1
200203,10,12.4
200203,26,13
200203,19,13.3
200203,14,13.5
200203,17,13.6
200203,27,13.7
200203,11,13.9
200203,16,13.9
200203,18,14
200203,29,14.6
200203,21,14.8
200203,31,15
200203,20,15.2
200203,30,15.2
200203,15,18.1
200204,11,10.4
200204,10,12.8
200204,12,12.9
200204,19,12.9
200204,5,13.5
200204,27,13.7
200204,26,13.9
200204,4,14
200204,18,14
200204,6,14.4
200204,1,14.5
200204,20,14.7
200204,9,14.8
200204,14,14.9
200204,3,15.2
200204,13,15.2
200204,21,15.2
200204,7,15.5
200204,25,15.5
200204,2,16
200204,15,16.1
200204,8,16.3
200204,28,17.8
200204,17,18.3
200204,22,18.3
200204,24,18.5
200204,23,19
200204,29,20.6
200204,16,21.3
200204,30,21.3
200205,15,16.5
200205,10,17
200205,6,17.6
200205,16,17.8
200205,1,18
200205,18,18
200205,2,18.1
200205,11,18.1
200205,17,18.2
200205,9,18.3
200205,12,18.5
200205,13,18.7
200205,8,19
200205,14,19
200205,4,19.2
200205,22,19.2
200205,19,19.3
200205,20,19.3
200205,21,20
200205,28,20
200205,7,20.1
200205,3,20.2
200205,26,20.4
200205,29,20.7
200205,30,20.8
200205,27,21
200205,25,21.1
200205,31,21.1
200205,5,21.2
200205,23,21.3
200205,24,21.8
200206,25,18.1
200206,24,18.5
200206,26,20.6
200206,29,20.9
200206,20,21.2
200206,28,21.6
200206,27,21.7
200206,30,22.3
200206,23,22.4
200206,1,22.5
200206,3,22.7
200206,2,22.9
200206,17,22.9
200206,10,23.3
200206,4,23.7
200206,13,23.7
200206,15,23.7
200206,5,23.9
200206,19,24
200206,16,24.1
200206,12,24.2
200206,18,24.2
200206,21,24.3
200206,8,24.4
200206,9,24.4
200206,6,24.6
200206,7,24.7
200206,22,24.8
200206,11,24.9
200206,14,25
200207,1,23.4
200207,9,23.4
200207,8,24.8
200207,5,26
200207,11,26.1
200207,2,26.2
200207,4,26.2
200207,12,26.2
200207,18,26.3
200207,10,26.4
200207,17,26.6
200207,19,26.6
200207,20,26.8
200207,25,26.9
200207,3,27
200207,15,27.1
200207,6,27.2
200207,23,27.3
200207,26,27.6
200207,7,27.8
200207,22,28.1
200207,21,28.4
200207,24,28.5
200207,13,28.6
200207,27,28.7
200207,29,28.7
200207,28,28.8
200207,31,29.1
200207,14,29.2
200207,30,29.8
200207,16,30.9
200302,3,5.1
200302,7,5.4
200302,4,5.5
200302,6,5.7
200302,13,5.7
200302,2,5.8
200302,5,5.8
200302,20,5.9
200302,21,6
200302,1,6.7
200302,14,6.9
200302,17,6.9
200302,15,7.1
200302,18,7.3
200302,19,7.4
200302,26,8.1
200302,28,8.3
200302,12,8.5
200302,22,8.7
200302,8,8.8
200302,25,8.9
200302,27,9.2
200302,16,9.5
200302,10,9.7
200302,24,9.7
200302,23,10.6
200302,11,10.7
200302,9,11.2
200303,5,5.4
200303,4,6.2
200303,10,6.2
200303,12,6.2
200303,9,6.6
200303,11,6.6
200303,6,7.5
200303,8,7.5
200303,13,7.5
200303,20,7.7
200303,14,8
200303,21,8.2
200303,19,8.6
200303,23,8.7
200303,22,9
200303,15,9.5
200303,16,9.5
200303,7,9.9
200303,18,10.2
200303,3,10.3
200303,2,10.9
200303,24,11
200303,17,11.1
200303,30,11.3
200303,1,12
200303,26,12
200303,27,12.3
200303,28,12.3
200303,29,12.7
200303,25,13.4
200303,31,13.7
200304,6,11
200304,4,11.2
200304,10,11.6
200304,5,11.9
200304,2,12.4
200304,1,12.8
200304,3,12.8
200304,22,13.8
200304,9,13.9
200304,11,14.1
200304,7,14.3
200304,14,14.9
200304,16,14.9
200304,12,15.6
200304,27,16
200304,21,16.2
200304,30,16.2
200304,15,16.3
200304,13,16.6
200304,8,17.3
200304,26,17.3
200304,20,17.6
200304,17,17.7
200304,28,17.8
200304,24,18.2
200304,19,18.3
200304,18,19
200304,25,19.2
200304,23,20.3
200304,29,20.5
200305,9,14.8
200305,1,15.1
200305,10,15.3
200305,11,15.5
200305,14,16.5
200305,2,16.9
200305,8,17.2
200305,15,17.3
200305,12,17.4
200305,17,18
200305,13,18.3
200305,3,18.4
200305,26,18.4
200305,18,18.8
200305,21,19.5
200305,16,19.6
200305,25,19.6
200305,4,19.7
200305,31,19.7
200305,22,20
200305,27,20
200305,24,20.2
200305,19,20.6
200305,6,20.7
200305,5,21
200305,30,21.3
200305,23,21.4
200305,7,21.5
200305,28,21.6
200305,20,22
200305,29,22.5
200306,15,19.5
200306,14,19.6
200306,3,19.8
200306,2,19.9
200306,10,20
200306,16,20.2
200306,11,20.4
200306,1,21.1
200306,18,21.1
200306,17,21.4
200306,4,21.7
200306,23,22
200306,22,22.1
200306,27,22.2
200306,30,22.2
200306,9,22.3
200306,12,22.3
200306,5,22.5
200306,8,22.6
200306,6,22.7
200306,7,22.8
200306,21,23.2
200306,29,23.4
200306,25,23.9
200306,26,24.1
200306,20,24.2
200306,24,24.4
200306,13,24.6
200306,28,25
200306,19,25.2
200307,1,20.1
200307,15,22
200307,16,22.9
200307,2,23.3
200307,14,23.4
200307,17,23.4
200307,4,23.5
200307,12,24.5
200307,27,24.5
200307,20,24.6
200307,13,24.8
200307,25,25.1
200307,21,25.2
200307,26,25.3
200307,29,25.4
200307,28,25.5
200307,19,25.6
200307,31,25.7
200307,3,25.9
200307,8,25.9
200307,18,26
200307,30,26
200307,5,26.4
200307,6,26.6
200307,9,26.9
200307,24,27
200307,22,27.1
200307,23,27.7
200307,7,28.6
200307,11,28.9
200307,10,30.2
200402,5,3.5
200402,7,3.5
200402,6,3.8
200402,10,4.4
200402,4,4.9
200402,8,5.8
200402,9,6.8
200402,13,6.8
200402,1,6.9
200402,3,6.9
200402,11,7.4
200402,16,7.8
200402,24,8.1
200402,28,8.6
200402,15,8.7
200402,12,8.9
200402,27,9
200402,18,9.1
200402,23,9.4
200402,2,9.5
200402,17,9.5
200402,19,10.1
200402,14,10.8
200402,26,11.3
200402,25,11.6
200402,20,12
200402,29,13.3
200402,21,14.1
200402,22,15.7
200403,7,4.1
200403,4,4.7
200403,3,5.7
200403,6,5.7
200403,5,6.6
200403,8,6.7
200403,2,7.1
200403,21,8.2
200403,13,8.9
200403,22,8.9
200403,9,9
200403,12,9.1
200403,14,9.4
200403,23,9.6
200403,19,9.7
200403,20,9.7
200403,27,9.7
200403,1,10
200403,25,10.5
200403,15,10.8
200403,28,11.9
200403,18,12.2
200403,26,12.2
200403,24,12.4
200403,16,12.5
200403,10,13.1
200403,31,13.3
200403,29,14
200403,30,14.3
200403,11,14.9
200403,17,16.5
200404,4,10.3
200404,5,10.3
200404,1,11.5
200404,6,12.6
200404,3,13.1
200404,25,13.9
200404,9,14
200404,24,14.2
200404,8,14.3
200404,29,14.3
200404,28,14.8
200404,10,15
200404,26,15.7
200404,7,16
200404,2,16.3
200404,14,16.3
200404,15,16.4
200404,11,16.7
200404,27,16.8
200404,13,17
200404,30,17
200404,18,17.1
200404,12,17.6
200404,17,18.1
200404,21,18.4
200404,23,18.5
200404,16,18.6
200404,22,19.5
200404,20,20.1
200404,19,20.6
200405,20,15.9
200405,19,16.7
200405,6,17
200405,5,18
200405,18,18.4
200405,21,18.4
200405,7,19
200405,15,19.1
200405,4,19.2
200405,8,19.2
200405,1,19.4
200405,16,19.7
200405,24,19.7
200405,11,19.9
200405,23,19.9
200405,2,20.3
200405,17,20.4
200405,25,20.4
200405,9,20.6
200405,22,21
200405,12,21.1
200405,13,21.2
200405,26,21.2
200405,3,21.4
200405,31,21.6
200405,14,21.7
200405,10,21.9
200405,27,23.1
200405,28,24.4
200405,29,24.6
200405,30,25.2
200406,2,19.5
200406,1,20.7
200406,6,21.1
200406,8,21.2
200406,15,21.2
200406,11,21.6
200406,14,21.7
200406,3,21.8
200406,5,22.1
200406,4,22.3
200406,7,22.3
200406,9,22.4
200406,24,22.4
200406,10,22.7
200406,13,22.7
200406,16,23.3
200406,26,23.4
200406,12,23.6
200406,27,23.6
200406,17,23.9
200406,21,24.4
200406,22,24.8
200406,18,25.1
200406,19,25.2
200406,28,25.3
200406,29,25.5
200406,25,25.7
200406,30,26.8
200406,23,26.9
200406,20,27.9
200407,10,25.6
200407,11,26.3
200407,9,26.4
200407,1,26.5
200407,2,27.1
200407,6,27.1
200407,7,27.2
200407,8,27.3
200407,4,27.8
200407,24,28.1
200407,27,28.4
200407,26,28.5
200407,5,28.6
200407,12,28.6
200407,14,28.6
200407,15,28.6
200407,25,28.6
200407,31,28.6
200407,3,28.8
200407,16,28.9
200407,18,29.1
200407,19,29.2
200407,17,29.4
200407,20,29.4
200407,13,29.6
200407,28,29.7
200407,22,29.8
200407,23,29.8
200407,21,30.1
200407,29,30.6
200407,30,30.7
200502,1,1
200502,21,2.6
200502,2,2.8
200502,20,2.9
200502,27,3.5
200502,12,3.6
200502,26,3.9
200502,3,4.2
200502,22,4.4
200502,13,4.5
200502,4,4.6
200502,24,5
200502,11,5.2
200502,7,5.3
200502,14,5.4
200502,28,5.8
200502,5,5.9
200502,6,5.9
200502,18,7.9
200502,10,8
200502,25,8.1
200502,15,8.3
200502,19,8.6
200502,8,8.7
200502,9,9.3
200502,23,9.8
200502,17,10.6
200502,16,11.2
200503,13,3.8
200503,5,4.7
200503,14,5.3
200503,12,5.4
200503,6,6
200503,4,6.3
200503,1,6.4
200503,2,6.9
200503,24,7.5
200503,3,7.7
200503,25,7.7
200503,15,7.9
200503,19,7.9
200503,7,8.2
200503,20,8.8
200503,8,9.9
200503,21,10
200503,18,10.6
200503,23,10.7
200503,16,10.8
200503,27,10.8
200503,30,11
200503,9,12.1
200503,29,12.1
200503,26,12.6
200503,28,12.6
200503,10,12.9
200503,31,12.9
200503,11,13.2
200503,22,13.7
200503,17,14.9
200504,1,11.3
200504,4,11.3
200504,5,11.6
200504,6,12.3
200504,12,12.3
200504,2,13.1
200504,3,13.2
200504,13,13.3
200504,14,13.3
200504,15,14.3
200504,11,14.4
200504,16,14.6
200504,23,14.6
200504,17,14.7
200504,24,15
200504,18,15.6
200504,25,15.6
200504,27,16
200504,9,16.8
200504,22,16.8
200504,21,17.3
200504,26,17.6
200504,20,17.7
200504,19,17.8
200504,8,18.6
200504,7,18.8
200504,28,19.4
200504,10,20.1
200504,29,21.7
200504,30,22
200505,8,16.3
200505,22,17.4
200505,11,17.5
200505,7,17.6
200505,9,17.6
200505,10,18
200505,14,18.3
200505,25,18.4
200505,13,18.5
200505,6,18.7
200505,26,18.7
200505,3,18.9
200505,16,19
200505,21,19.1
200505,12,19.3
200505,4,19.4
200505,20,19.7
200505,24,19.7
200505,5,19.9
200505,2,20.3
200505,15,20.5
200505,17,20.5
200505,19,20.8
200505,23,20.8
200505,27,20.9
200505,29,21.1
200505,1,21.3
200505,28,21.8
200505,30,22.1
200505,18,22.3
200505,31,23.3
200506,2,20.4
200506,6,20.6
200506,5,21.3
200506,1,21.7
200506,3,21.9
200506,4,22.6
200506,14,22.7
200506,12,23
200506,7,23.1
200506,11,23.1
200506,17,23.4
200506,8,23.6
200506,9,23.7
200506,18,24.1
200506,16,24.2
200506,10,24.3
200506,15,24.5
200506,19,24.6
200506,13,24.7
200506,21,24.7
200506,23,25.1
200506,26,25.1
200506,22,25.2
200506,24,25.6
200506,20,25.7
200506,25,25.9
200506,29,29
200506,30,29.2
200506,28,29.4
200506,27,29.9
200507,5,24.4
200507,9,24.6
200507,6,24.7
200507,13,24.9
200507,10,25
200507,14,25
200507,7,25.2
200507,3,25.5
200507,8,25.5
200507,2,25.8
200507,15,26.3
200507,31,26.3
200507,30,26.4
200507,12,26.7
200507,16,27.1
200507,17,27.5
200507,27,27.6
200507,11,27.7
200507,29,27.7
200507,18,28
200507,1,28.3
200507,4,28.6
200507,19,28.6
200507,21,28.6
200507,24,28.6
200507,26,28.6
200507,20,28.8
200507,25,28.8
200507,22,29.4
200507,23,29.4
200507,28,29.4
200602,4,2.2
200602,9,3.5
200602,5,4.2
200602,8,4.2
200602,6,4.3
200602,13,4.7
200602,18,4.9
200602,10,5.1
200602,19,5.7
200602,3,6
200602,20,6.5
200602,28,6.9
200602,12,7.2
200602,7,7.4
200602,11,7.9
200602,17,7.9
200602,24,8.1
200602,21,8.2
200602,2,8.5
200602,27,8.8
200602,22,9.2
200602,25,9.2
200602,14,9.5
200602,23,10.4
200602,16,10.6
200602,1,10.7
200602,15,12.2
200602,26,12.4
200603,13,3.2
200603,4,4.5
200603,3,5.1
200603,14,5.1
200603,2,6.3
200603,1,7.1
200603,20,7.9
200603,15,8.1
200603,31,8.4
200603,5,8.5
200603,29,8.5
200603,9,9.1
200603,22,9.4
200603,12,9.7
200603,18,9.7
200603,19,10.1
200603,21,10.4
200603,30,10.4
200603,26,10.5
200603,7,10.6
200603,24,10.7
200603,25,10.7
200603,6,11
200603,8,11.1
200603,10,11.2
200603,16,11.3
200603,28,11.5
200603,11,11.6
200603,27,11.7
200603,23,12.2
200603,17,12.5
200604,1,9.3
200604,17,10.5
200604,6,10.7
200604,22,10.9
200604,15,11.1
200604,4,11.8
200604,5,12.1
200604,26,12.1
200604,7,12.2
200604,9,12.4
200604,14,12.7
200604,16,13.2
200604,20,13.8
200604,13,14
200604,21,14.1
200604,23,14.1
200604,27,14.7
200604,18,14.9
200604,24,15
200604,10,15.1
200604,28,15.2
200604,3,15.9
200604,25,15.9
200604,12,16
200604,29,16.5
200604,8,16.8
200604,2,17.1
200604,19,17.6
200604,11,19.1
200604,30,20.9
200605,3,14.3
200605,17,15.3
200605,16,15.5
200605,13,16.1
200605,18,16.2
200605,15,16.5
200605,12,17.4
200605,4,17.6
200605,27,18
200605,14,18.5
200605,2,18.7
200605,26,18.9
200605,25,19.1
200605,29,19.1
200605,11,19.8
200605,21,19.9
200605,28,19.9
200605,8,20.2
200605,1,20.4
200605,30,20.4
200605,6,20.5
200605,7,20.5
200605,24,20.7
200605,20,21.1
200605,5,21.2
200605,23,21.2
200605,31,21.2
200605,9,21.6
200605,19,21.8
200605,22,22.2
200605,10,22.4
200606,10,19.9
200606,17,20
200606,8,20.3
200606,9,20.5
200606,2,20.8
200606,1,21.1
200606,3,21.4
200606,23,21.4
200606,25,21.4
200606,11,21.5
200606,4,21.7
200606,12,22.5
200606,24,22.9
200606,6,23
200606,5,23.1
200606,16,23.2
200606,7,23.3
200606,26,23.4
200606,15,23.5
200606,18,23.5
200606,13,23.8
200606,22,24
200606,20,24.8
200606,14,24.9
200606,19,24.9
200606,27,25.1
200606,21,25.4
200606,28,25.5
200606,30,25.5
200606,29,25.8
200607,6,23
200607,7,23.5
200607,4,23.9
200607,8,24
200607,20,24.1
200607,23,24.3
200607,21,24.6
200607,22,24.6
200607,5,24.7
200607,3,25.1
200607,24,25.2
200607,25,25.7
200607,2,25.9
200607,19,25.9
200607,26,26.6
200607,14,27.8
200607,9,28.2
200607,15,28.2
200607,27,28.3
200607,10,28.6
200607,28,28.6
200607,13,28.8
200607,31,28.8
200607,18,28.9
200607,11,29
200607,12,29
200607,1,29.1
200607,29,29.2
200607,30,29.6
200607,16,30
200607,17,30.1
200702,2,2.8
200702,1,3.8
200702,3,4.9
200702,16,6.3
200702,12,7.3
200702,25,7.3
200702,17,7.9
200702,15,8.2
200702,5,8.3
200702,20,8.7
200702,24,8.7
200702,11,9.1
200702,21,9.2
200702,26,9.2
200702,22,9.6
200702,4,9.8
200702,13,9.8
200702,19,9.8
200702,28,10
200702,7,10.3
200702,6,10.9
200702,8,10.9
200702,10,11.4
200702,18,11.4
200702,27,11.7
200702,23,12.5
200702,9,13.8
200702,14,13.9
200703,7,5.8
200703,6,6.1
200703,8,6.8
200703,9,7.1
200703,19,7.3
200703,14,7.5
200703,15,7.5
200703,18,7.5
200703,11,7.7
200703,10,7.9
200703,13,7.9
200703,20,7.9
200703,21,8
200703,1,8.1
200703,12,8.1
200703,16,8.6
200703,17,8.7
200703,2,10.5
200703,22,11
200703,23,11.4
200703,27,12
200703,3,13.1
200703,28,13.1
200703,5,13.9
200703,26,14.7
200703,24,15.1
200703,25,15.8
200703,30,16.8
200703,4,17
200703,31,17.9
200703,29,18.2
200704,18,8.6
200704,5,9.3
200704,4,9.7
200704,3,10.1
200704,6,11.2
200704,19,12.4
200704,8,12.6
200704,10,12.7
200704,16,12.9
200704,17,13.2
200704,24,13.4
200704,7,13.7
200704,9,13.8
200704,12,14
200704,11,14.2
200704,2,14.9
200704,15,15.1
200704,27,15.4
200704,23,15.8
200704,14,16.1
200704,20,16.2
200704,25,16.2
200704,29,16.2
200704,1,16.3
200704,13,16.8
200704,22,17.4
200704,30,17.4
200704,28,17.7
200704,26,18
200704,21,19.2
200705,4,17.1
200705,6,17.1
200705,5,17.2
200705,20,17.3
200705,11,17.4
200705,10,17.8
200705,14,18.1
200705,16,18.3
200705,12,18.4
200705,19,18.4
200705,3,18.5
200705,21,18.7
200705,1,18.8
200705,2,19.2
200705,7,19.6
200705,8,19.7
200705,9,19.9
200705,13,20.2
200705,15,20.3
200705,31,20.9
200705,22,21
200705,29,21
200705,28,21.2
200705,30,21.6
200705,18,21.7
200705,23,21.7
200705,17,21.9
200705,25,21.9
200705,24,22.5
200705,26,23.5
200705,27,26
200706,1,18.8
200706,3,18.8
200706,2,20.1
200706,5,20.5
200706,15,20.6
200706,9,20.9
200706,11,20.9
200706,14,21
200706,10,21.2
200706,13,21.4
200706,16,21.4
200706,4,21.5
200706,19,21.5
200706,6,22.2
200706,17,22.2
200706,18,22.2
200706,8,23.1
200706,7,23.6
200706,12,23.6
200706,20,23.6
200706,23,24.1
200706,22,24.6
200706,21,25.5
200706,24,25.5
200706,25,25.6
200706,26,26.3
200706,27,26.8
200706,30,27.1
200706,28,27.6
200706,29,29.6
200707,6,21.9
200707,7,22.2
200707,16,22.8
200707,8,23
200707,13,23.6
200707,9,23.8
200707,14,24.3
200707,5,24.4
200707,11,24.5
200707,15,24.6
200707,17,24.6
200707,12,25
200707,4,25.2
200707,2,25.3
200707,10,25.5
200707,18,25.7
200707,3,26.1
200707,1,26.4
200707,22,26.4
200707,31,26.6
200707,19,26.8
200707,21,27
200707,20,27.4
200707,23,27.5
200707,24,28.1
200707,30,28.3
200707,25,29.2
200707,26,29.5
200707,29,29.6
200707,27,29.8
200707,28,30
200802,13,3
200802,18,3.6
200802,17,3.9
200802,24,4
200802,14,4.3
200802,2,4.4
200802,16,4.9
200802,19,5.1
200802,6,5.3
200802,7,5.4
200802,8,5.4
200802,9,5.4
200802,25,5.4
200802,15,5.7
200802,12,5.9
200802,3,6.3
200802,5,6.3
200802,27,6.6
200802,28,6.6
200802,21,6.7
200802,20,6.8
200802,1,6.9
200802,4,6.9
200802,11,6.9
200802,10,7.8
200802,29,8
200802,22,9
200802,23,9.4
200802,26,9.6
200803,5,6.1
200803,4,6.8
200803,6,7.1
200803,2,7.4
200803,9,7.5
200803,8,7.6
200803,3,8.1
200803,27,8.6
200803,30,8.6
200803,1,9.1
200803,7,9.2
200803,15,9.4
200803,29,10
200803,22,10.5
200803,11,10.6
200803,31,10.8
200803,12,11.1
200803,18,11.3
200803,26,11.3
200803,16,11.4
200803,17,11.5
200803,28,11.5
200803,20,11.8
200803,21,12.3
200803,19,12.5
200803,14,12.8
200803,25,13.3
200803,10,13.4
200803,24,13.4
200803,13,13.8
200803,23,13.9
200804,2,11.1
200804,5,11.5
200804,1,11.7
200804,6,12.4
200804,13,12.7
200804,4,13
200804,25,13
200804,3,13.4
200804,9,13.5
200804,12,13.8
200804,7,14.7
200804,10,14.9
200804,17,14.9
200804,15,15
200804,24,15
200804,8,15.1
200804,16,15.1
200804,11,15.2
200804,18,15.4
200804,27,15.4
200804,19,15.5
200804,28,15.6
200804,26,15.8
200804,14,16.1
200804,20,16.3
200804,23,16.6
200804,29,17
200804,21,17.1
200804,22,17.5
200804,30,19.5
200805,10,12.7
200805,11,14.4
200805,12,15.7
200805,14,16.6
200805,15,16.6
200805,6,16.8
200805,1,17.1
200805,21,18.1
200805,16,18.2
200805,9,18.4
200805,20,18.4
200805,13,18.5
200805,7,18.8
200805,2,19.1
200805,5,19.6
200805,17,19.6
200805,24,19.7
200805,8,19.9
200805,22,20.1
200805,29,20.2
200805,19,20.3
200805,23,20.3
200805,18,20.6
200805,4,21.3
200805,31,21.3
200805,28,21.4
200805,3,21.5
200805,25,21.8
200805,27,22.3
200805,30,22.3
200805,26,22.9
200806,15,17.8
200806,3,18
200806,2,18.7
200806,16,19.3
200806,7,19.7
200806,1,19.8
200806,11,20.3
200806,4,20.7
200806,8,20.8
200806,25,20.8
200806,6,21
200806,24,21
200806,10,21.7
200806,13,22.1
200806,5,22.2
200806,12,22.3
200806,14,22.3
200806,17,22.3
200806,23,22.4
200806,27,22.5
200806,26,22.7
200806,28,22.7
200806,9,23
200806,21,23.2
200806,20,23.5
200806,22,23.6
200806,30,23.8
200806,19,24
200806,18,25.2
200806,29,26.4
200807,1,22.8
200807,2,24.9
200807,4,26.5
200807,5,26.8
200807,10,26.8
200807,11,27
200807,12,27.3
200807,3,27.9
200807,6,27.9
200807,13,27.9
200807,7,28
200807,9,28
200807,17,28.1
200807,18,28.4
200807,14,28.5
200807,16,28.7
200807,15,28.9
200807,8,29
200807,19,29.1
200807,21,29.1
200807,24,29.1
200807,22,29.2
200807,25,29.3
200807,23,29.4
200807,26,29.4
200807,27,29.5
200807,28,29.5
200807,31,29.5
200807,30,29.6
200807,20,29.7
200807,29,30.4
200902,19,4.8
200902,17,4.9
200902,22,5.4
200902,18,6.1
200902,2,6.7
200902,21,6.8
200902,7,7.5
200902,9,7.5
200902,3,7.8
200902,16,7.8
200902,1,8.2
200902,6,8.4
200902,5,8.5
200902,8,8.7
200902,20,8.8
200902,27,9.2
200902,28,9.2
200902,4,9.3
200902,10,10.2
200902,11,10.3
200902,12,10.5
200902,26,10.6
200902,24,10.7
200902,23,12
200902,25,12.1
200902,15,12.6
200902,13,16.3
200902,14,17.2
200903,3,7.1
200903,2,7.8
200903,15,7.8
200903,14,8
200903,9,8.6
200903,4,8.8
200903,5,8.9
200903,8,8.9
200903,25,9.2
200903,26,9.2
200903,28,9.2
200903,11,9.4
200903,12,9.4
200903,29,9.6
200903,30,9.6
200903,7,9.8
200903,10,10.2
200903,16,10.5
200903,31,10.6
200903,1,11.3
200903,27,11.3
200903,6,11.5
200903,24,11.8
200903,21,13.2
200903,23,13.6
200903,13,14.3
200903,17,14.3
200903,20,14.5
200903,18,14.8
200903,19,16.7
200903,22,16.8
200904,1,9.3
200904,3,10.2
200904,2,10.8
200904,27,11.8
200904,4,12
200904,26,12.6
200904,6,12.7
200904,5,13.2
200904,28,13.5
200904,7,14
200904,29,14.7
200904,8,14.8
200904,24,15.1
200904,9,15.2
200904,30,15.6
200904,10,15.7
200904,14,15.8
200904,25,15.8
200904,16,16.4
200904,23,16.4
200904,15,16.5
200904,17,16.7
200904,18,16.7
200904,11,16.9
200904,12,17.6
200904,13,17.6
200904,19,17.9
200904,22,18.4
200904,20,18.5
200904,21,20
200905,4,16
200905,1,17.3
200905,3,17.5
200905,15,17.7
200905,27,17.7
200905,2,18.3
200905,5,18.4
200905,7,18.5
200905,9,19.4
200905,6,19.5
200905,18,19.5
200905,19,19.6
200905,28,19.6
200905,26,19.7
200905,20,19.9
200905,11,20
200905,16,20
200905,23,20.4
200905,12,20.5
200905,24,20.5
200905,8,20.6
200905,29,20.6
200905,14,20.8
200905,30,20.9
200905,31,21
200905,10,21.1
200905,22,21.2
200905,25,21.2
200905,21,22
200905,17,22.1
200905,13,22.7
200906,3,19
200906,4,19
200906,5,19.7
200906,9,21.2
200906,10,21.4
200906,6,21.8
200906,8,21.8
200906,7,21.9
200906,1,22
200906,2,22.3
200906,12,22.6
200906,14,23.1
200906,15,23.4
200906,23,23.4
200906,16,23.6
200906,13,23.9
200906,17,24.1
200906,11,24.3
200906,26,24.3
200906,18,24.6
200906,27,24.6
200906,28,24.9
200906,19,25
200906,21,25
200906,24,25
200906,25,25.1
200906,30,25.5
200906,29,25.7
200906,20,26
200906,22,28.5
200907,5,22.8
200907,3,23
200907,4,23.7
200907,2,24.1
200907,26,24.4
200907,25,24.6
200907,8,24.7
200907,11,24.7
200907,6,24.8
200907,28,25
200907,23,25.3
200907,24,25.3
200907,1,25.7
200907,29,25.8
200907,22,25.9
200907,31,25.9
200907,16,26
200907,7,26.2
200907,27,26.3
200907,30,26.4
200907,12,26.5
200907,21,26.5
200907,17,27.4
200907,15,27.6
200907,20,27.6
200907,10,27.7
200907,14,27.9
200907,13,28
200907,9,28.2
200907,18,29.7
200907,19,31.2
201002,4,4.3
201002,7,4.3
201002,19,4.8
201002,18,5.3
201002,17,5.6
201002,6,5.7
201002,14,5.7
201002,3,5.8
201002,5,6.3
201002,21,6.4
201002,20,6.8
201002,13,6.9
201002,16,7.2
201002,2,7.6
201002,15,7.7
201002,1,7.8
201002,12,7.9
201002,22,8.7
201002,11,11
201002,23,11.1
201002,8,11.8
201002,27,12.6
201002,28,12.6
201002,24,13
201002,9,14.7
201002,10,15.4
201002,26,16.5
201002,25,17.1
201003,10,4.8
201003,9,6
201003,11,6.8
201003,27,7.3
201003,26,7.4
201003,30,7.7
201003,8,8.6
201003,25,9.1
201003,24,9.3
201003,7,9.6
201003,18,9.6
201003,29,9.6
201003,19,9.7
201003,17,9.8
201003,22,9.8
201003,28,10.5
201003,12,10.6
201003,23,10.7
201003,3,11.4
201003,1,11.5
201003,4,11.6
201003,14,12.1
201003,6,12.3
201003,16,12.3
201003,2,12.4
201003,21,12.5
201003,31,12.8
201003,5,14
201003,13,14.1
201003,15,17.2
201003,20,18
201004,15,8.7
201004,8,9.5
201004,16,9.9
201004,14,10.2
201004,9,10.6
201004,3,11.2
201004,17,11.4
201004,4,11.9
201004,7,12.1
201004,18,12.4
201004,25,12.5
201004,2,12.8
201004,23,12.9
201004,22,13.2
201004,24,13.3
201004,26,13.4
201004,20,14
201004,29,14
201004,28,14.2
201004,5,14.7
201004,13,14.7
201004,19,14.8
201004,10,15
201004,12,15.2
201004,30,15.3
201004,6,15.6
201004,21,16.5
201004,11,16.6
201004,27,16.8
201004,1,19.4
201005,13,15
201005,1,15.3
201005,2,15.3
201005,14,15.5
201005,15,15.7
201005,28,16.1
201005,10,16.2
201005,12,17
201005,27,17
201005,11,17.4
201005,31,17.8
201005,26,18
201005,23,18.3
201005,29,18.3
201005,30,18.3
201005,3,18.4
201005,16,18.7
201005,8,18.8
201005,21,18.8
201005,22,19.4
201005,9,19.8
201005,5,20
201005,4,20.4
201005,17,20.4
201005,20,20.7
201005,7,20.9
201005,18,21.3
201005,24,21.8
201005,25,21.8
201005,6,22.1
201005,19,22.5
201006,1,18.7
201006,13,19.1
201006,8,19.9
201006,2,20
201006,4,20.1
201006,7,20.2
201006,15,20.5
201006,3,21
201006,14,21.1
201006,9,21.4
201006,6,21.5
201006,25,21.6
201006,5,22.1
201006,10,22.2
201006,17,23
201006,18,23
201006,12,23.1
201006,26,23.2
201006,11,23.3
201006,20,23.3
201006,30,23.4
201006,23,23.6
201006,24,23.6
201006,16,23.7
201006,21,23.7
201006,29,24.1
201006,19,24.4
201006,22,25.1
201006,27,25.5
201006,28,26.1
201007,9,24.3
201007,14,24.3
201007,10,24.6
201007,13,24.7
201007,1,25.1
201007,4,25.2
201007,2,25.5
201007,8,25.6
201007,12,25.7
201007,6,25.8
201007,15,25.8
201007,18,25.9
201007,7,26.1
201007,28,26.2
201007,5,26.4
201007,3,26.5
201007,16,26.5
201007,17,27
201007,11,27.7
201007,26,27.8
201007,27,27.8
201007,29,27.8
201007,21,28
201007,25,28.1
201007,19,28.3
201007,20,28.4
201007,22,28.6
201007,30,28.6
201007,24,29.1
201007,23,29.2
201007,31,30.1
201102,14,3.6
201102,1,4.2
201102,12,4.4
201102,13,4.6
201102,11,4.8
201102,2,5.2
201102,3,5.3
201102,16,5.3
201102,15,5.5
201102,10,5.7
201102,19,5.8
201102,4,6
201102,6,6.5
201102,8,6.9
201102,22,6.9
201102,20,7.5
201102,21,7.5
201102,5,7.9
201102,26,8.7
201102,18,8.8
201102,9,9
201102,7,9.5
201102,17,9.6
201102,23,10.2
201102,24,11.5
201102,25,12.3
201102,27,12.6
201102,28,12.7
201103,3,4.4
201103,4,5.2
201103,5,5.3
201103,17,5.6
201103,16,6
201103,18,6.2
201103,27,6.3
201103,10,6.8
201103,26,6.9
201103,25,7.4
201103,6,7.6
201103,2,7.8
201103,28,7.8
201103,11,8
201103,12,8
201103,24,8
201103,8,8.1
201103,7,8.2
201103,9,8.2
201103,23,8.2
201103,29,8.7
201103,13,10.1
201103,22,10.2
201103,30,10.5
201103,1,10.6
201103,31,11.4
201103,21,11.7
201103,19,12.2
201103,14,12.6
201103,15,12.8
201103,20,13.2
201104,4,10.2
201104,5,10.2
201104,3,10.8
201104,19,10.9
201104,1,11.8
201104,13,12.2
201104,12,12.6
201104,11,12.7
201104,14,13
201104,17,13
201104,20,13
201104,2,13.1
201104,6,13.3
201104,21,13.4
201104,24,13.6
201104,10,13.7
201104,28,15
201104,16,15.1
201104,9,15.2
201104,29,15.2
201104,18,15.3
201104,25,15.3
201104,15,15.6
201104,23,16
201104,8,16.4
201104,22,16.9
201104,7,17.5
201104,27,18.8
201104,26,19.1
201104,30,19.9
201105,3,15.2
201105,4,16.3
201105,23,16.3
201105,24,16.5
201105,6,17.4
201105,2,17.5
201105,5,17.6
201105,28,17.6
201105,27,17.7
201105,26,17.8
201105,31,18.1
201105,29,18.2
201105,30,18.6
201105,16,19
201105,18,19
201105,15,19.6
201105,17,19.6
201105,25,19.8
201105,7,20.4
201105,12,20.5
201105,13,20.6
201105,8,21.3
201105,1,21.4
201105,14,21.5
201105,19,21.8
201105,9,22
201105,22,22
201105,10,22.1
201105,20,22.6
201105,11,23.4
201105,21,24.1
201106,7,18.3
201106,16,18.7
201106,15,20
201106,19,20.2
201106,8,20.3
201106,18,20.3
201106,12,20.4
201106,5,20.7
201106,17,20.8
201106,6,20.9
201106,3,21
201106,1,21.4
201106,2,21.5
201106,11,21.5
201106,13,21.5
201106,10,21.8
201106,14,21.8
201106,20,21.9
201106,4,22.4
201106,9,22.9
201106,21,24.4
201106,22,24.8
201106,30,26.2
201106,29,26.3
201106,27,26.5
201106,28,27.2
201106,26,27.5
201106,25,27.9
201106,23,28.6
201106,24,28.8
201107,6,23.4
201107,18,25.1
201107,19,25.3
201107,24,25.5
201107,21,25.7
201107,5,25.9
201107,7,25.9
201107,20,26.1
201107,22,26.1
201107,25,26.3
201107,23,26.4
201107,13,26.6
201107,2,26.7
201107,8,26.8
201107,26,26.9
201107,27,26.9
201107,15,27
201107,16,27.2
201107,1,27.4
201107,11,27.4
201107,3,27.8
201107,12,27.8
201107,28,27.8
201107,14,27.9
201107,17,28.2
201107,29,28.6
201107,10,28.8
201107,4,28.9
201107,30,29
201107,31,29
201107,9,29.4
201202,2,0
201202,3,1.2
201202,8,1.8
201202,19,1.8
201202,18,2
201202,20,2.7
201202,9,3.2
201202,10,4.2
201202,5,4.3
201202,17,4.4
201202,12,4.5
201202,4,5
201202,11,5.3
201202,27,5.3
201202,1,5.6
201202,13,5.9
201202,21,6
201202,28,6.1
201202,29,6.2
201202,26,6.7
201202,16,7.1
201202,22,7.1
201202,6,7.6
201202,14,8
201202,7,8.1
201202,25,8.6
201202,15,9
201202,24,9.2
201202,23,11.1
201203,13,4.9
201203,12,5.1
201203,14,6.3
201203,11,7.5
201203,1,7.9
201203,26,8.5
201203,4,8.6
201203,8,8.7
201203,16,8.8
201203,9,8.9
201203,25,9
201203,21,9.1
201203,27,9.3
201203,15,9.4
201203,20,9.5
201203,5,9.7
201203,10,9.7
201203,19,10.1
201203,22,10.2
201203,7,10.4
201203,2,10.6
201203,3,10.9
201203,23,11.2
201203,24,11.5
201203,29,12.1
201203,18,12.5
201203,31,12.9
201203,6,13
201203,28,14.5
201203,17,15.2
201203,30,16.3
201204,1,10.7
201204,7,10.8
201204,8,10.9
201204,2,11.9
201204,13,12.3
201204,4,12.4
201204,6,12.6
201204,15,13.7
201204,3,14.5
201204,20,14.5
201204,5,15.1
201204,9,15.1
201204,14,15.1
201204,10,15.6
201204,16,15.6
201204,19,15.6
201204,27,15.7
201204,18,15.8
201204,17,16
201204,12,16.7
201204,28,16.7
201204,30,16.9
201204,23,17.1
201204,25,17.3
201204,22,17.5
201204,21,17.7
201204,26,17.8
201204,29,18.2
201204,11,18.4
201204,24,18.7
201205,12,15.3
201205,13,15.4
201205,11,16.3
201205,14,16.6
201205,21,17.2
201205,25,17.6
201205,26,17.9
201205,2,18
201205,4,18.2
201205,19,18.4
201205,1,18.5
201205,20,18.9
201205,15,19
201205,5,19.1
201205,3,19.3
201205,24,19.3
201205,31,19.4
201205,10,19.6
201205,23,19.6
201205,18,19.7
201205,27,19.7
201205,30,19.7
201205,8,20
201205,16,20
201205,22,21
201205,7,21.2
201205,17,21.2
201205,28,21.3
201205,6,22.2
201205,29,22.3
201205,9,22.4
201206,5,18.7
201206,21,19.4
201206,12,19.8
201206,25,20.1
201206,8,20.2
201206,2,20.4
201206,24,20.4
201206,27,20.8
201206,1,21
201206,11,21.1
201206,3,21.4
201206,16,21.7
201206,4,22
201206,15,22.1
201206,26,22.1
201206,23,22.2
201206,7,22.3
201206,19,22.3
201206,6,22.4
201206,17,22.5
201206,28,22.5
201206,9,22.6
201206,13,22.7
201206,18,22.8
201206,10,23.2
201206,14,23.4
201206,20,23.6
201206,22,23.8
201206,29,23.8
201206,30,24.9
201207,4,22.7
201207,9,23.8
201207,14,23.8
201207,3,24
201207,13,24.1
201207,8,24.4
201207,5,24.7
201207,2,24.8
201207,7,26.3
201207,10,26.3
201207,20,26.3
201207,11,26.4
201207,12,26.7
201207,1,26.9
201207,21,27
201207,19,27.1
201207,15,27.4
201207,6,27.5
201207,22,27.5
201207,23,27.6
201207,24,27.8
201207,25,27.9
201207,18,28
201207,27,28.3
201207,26,28.4
201207,17,28.6
201207,29,28.6
201207,16,29
201207,28,29.1
201207,30,29.1
201207,31,29.5
201302,8,1.5
201302,9,3.4
201302,21,4.1
201302,12,4.3
201302,10,4.7
201302,17,5.4
201302,14,5.7
201302,20,5.9
201302,13,6
201302,11,6.1
201302,19,6.4
201302,25,6.4
201302,16,6.6
201302,22,6.6
201302,15,7.2
201302,26,7.3
201302,7,7.5
201302,24,7.6
201302,1,8.4
201302,5,8.4
201302,23,8.4
201302,3,8.8
201302,28,9
201302,6,9.3
201302,18,9.8
201302,27,10.5
201302,4,11.7
201302,2,12.5
201303,3,6.2
201303,15,6.6
201303,14,7.5
201303,2,7.7
201303,11,7.9
201303,4,8.1
201303,22,8.3
201303,5,8.7
201303,6,8.9
201303,26,8.9
201303,27,9.1
201303,21,9.5
201303,12,10.1
201303,16,10.5
201303,23,11.3
201303,17,11.6
201303,30,11.8
201303,25,11.9
201303,24,12.1
201303,7,12.2
201303,31,12.3
201303,1,12.7
201303,28,13.3
201303,29,13.5
201303,20,13.6
201303,19,14.7
201303,13,15.5
201303,10,16.2
201303,18,16.8
201303,9,16.9
201303,8,17.7
201304,20,9.8
201304,7,10.3
201304,11,10.7
201304,1,10.9
201304,13,11.3
201304,8,11.4
201304,2,11.5
201304,12,11.5
201304,10,11.6
201304,21,11.7
201304,22,11.7
201304,4,12.1
201304,3,13.4
201304,23,13.4
201304,9,13.5
201304,19,13.7
201304,5,14.8
201304,30,15
201304,6,15.3
201304,14,15.5
201304,16,15.8
201304,15,15.9
201304,28,16.1
201304,27,16.2
201304,25,16.3
201304,26,16.4
201304,18,16.8
201304,24,17.3
201304,17,17.9
201304,29,18.1
201305,2,13.3
201305,1,13.6
201305,3,14.7
201305,8,16.1
201305,4,16.2
201305,5,16.3
201305,7,17.3
201305,17,17.7
201305,6,18.1
201305,12,18.4
201305,10,18.5
201305,9,18.6
201305,11,19.3
201305,13,19.4
201305,31,19.5
201305,14,19.9
201305,19,19.9
201305,18,20.2
201305,30,20.8
201305,15,20.9
201305,16,20.9
201305,20,21.3
201305,21,21.8
201305,24,21.9
201305,22,22.3
201305,25,22.3
201305,28,22.6
201305,27,22.8
201305,26,23.2
201305,23,23.6
201305,29,24.3
201306,2,16.5
201306,1,18.2
201306,21,19.6
201306,3,20.1
201306,9,20.1
201306,23,20.7
201306,24,20.7
201306,10,20.8
201306,22,21
201306,25,21.7
201306,8,21.9
201306,11,21.9
201306,30,21.9
201306,6,22
201306,5,22.1
201306,29,22.2
201306,4,22.4
201306,28,22.4
201306,20,22.6
201306,26,23.4
201306,7,23.5
201306,15,24.1
201306,27,24.2
201306,12,24.9
201306,16,25.3
201306,17,25.7
201306,14,25.9
201306,13,26.8
201306,18,27.6
201306,19,28.5
201307,1,23.5
201307,3,25.6
201307,4,25.7
201307,2,25.8
201307,26,26.8
201307,28,26.9
201307,8,27
201307,7,27.6
201307,16,27.9
201307,9,28.1
201307,14,28.1
201307,12,28.2
201307,13,28.2
201307,6,28.3
201307,10,28.3
201307,27,28.4
201307,17,28.7
201307,20,28.7
201307,29,28.7
201307,11,28.9
201307,15,28.9
201307,18,29.1
201307,19,29.1
201307,21,29.3
201307,22,29.4
201307,23,29.4
201307,24,30.4
201307,5,30.6
201307,30,30.8
201307,31,30.8
201307,25,31.3
201402,6,3
201402,13,3.3
201402,14,3.3
201402,11,3.6
201402,18,4.4
201402,5,4.7
201402,7,4.7
201402,10,4.7
201402,19,4.7
201402,12,4.9
201402,22,5.2
201402,8,5.7
201402,9,5.7
201402,23,5.7
201402,21,5.8
201402,20,6.1
201402,17,6.3
201402,15,6.5
201402,24,6.5
201402,4,6.6
201402,16,6.9
201402,25,7.8
201402,26,8.1
201402,1,9.6
201402,28,11.2
201402,27,11.5
201402,3,11.7
201402,2,12.7
201403,7,5.3
201403,8,5.6
201403,6,6
201403,10,6.3
201403,11,6.4
201403,14,6.7
201403,4,7.4
201403,21,7.9
201403,9,8.1
201403,3,8.2
201403,15,8.3
201403,22,8.5
201403,12,9.2
201403,5,9.3
201403,1,10.3
201403,2,10.5
201403,16,10.7
201403,23,10.8
201403,20,11
201403,13,11.4
201403,24,11.7
201403,17,12
201403,31,13.7
201403,19,13.8
201403,25,13.9
201403,18,15
201403,28,15.2
201403,30,15.2
201403,26,15.3
201403,29,16.6
201403,27,16.9
201404,5,8.1
201404,7,9.2
201404,6,9.3
201404,4,10.4
201404,13,12
201404,1,12.3
201404,12,12.3
201404,20,12.3
201404,8,12.6
201404,11,13
201404,2,13.1
201404,15,13.3
201404,9,13.9
201404,14,14.1
201404,3,14.2
201404,21,14.2
201404,24,14.5
201404,18,14.6
201404,10,15.3
201404,16,15.5
201404,23,15.5
201404,19,15.7
201404,22,15.7
201404,17,16.2
201404,25,16.3
201404,30,16.4
201404,29,17
201404,28,17.2
201404,26,17.7
201404,27,18.1
201405,6,14.8
201405,5,15.8
201405,7,15.8
201405,14,16.1
201405,1,16.5
201405,4,16.7
201405,10,17
201405,20,17.8
201405,2,17.9
201405,3,18.3
201405,15,18.5
201405,11,19
201405,9,19.4
201405,8,19.5
201405,23,19.9
201405,13,20
201405,12,20.1
201405,17,20.2
201405,18,20.2
201405,19,20.2
201405,27,20.7
201405,24,21
201405,21,21.1
201405,22,21.2
201405,26,21.9
201405,28,21.9
201405,16,22.2
201405,25,22.2
201405,29,22.5
201405,30,22.9
201405,31,23.3
201406,18,18.1
201406,4,18.5
201406,5,19
201406,17,19.5
201406,27,20.4
201406,3,20.6
201406,22,20.6
201406,21,21.1
201406,19,21.4
201406,26,21.5
201406,2,21.8
201406,11,22
201406,6,22.1
201406,23,22.2
201406,14,22.5
201406,16,22.6
201406,8,22.8
201406,13,22.9
201406,1,23
201406,15,23
201406,12,23.1
201406,25,23.1
201406,7,23.2
201406,28,23.2
201406,30,23.2
201406,20,23.3
201406,24,23.4
201406,9,23.6
201406,10,23.7
201406,29,24.7
201407,6,22.4
201407,3,22.5
201407,2,23.2
201407,7,23.9
201407,1,24.1
201407,12,24.2
201407,4,24.3
201407,14,24.6
201407,5,24.8
201407,15,24.9
201407,16,25.3
201407,13,25.4
201407,28,26.6
201407,17,26.8
201407,29,26.9
201407,10,27
201407,19,27
201407,21,27
201407,18,27.2
201407,20,27.3
201407,31,27.3
201407,30,27.5
201407,9,28.1
201407,11,28.2
201407,22,28.2
201407,23,28.3
201407,27,28.3
201407,8,28.6
201407,24,29.4
201407,25,29.9
201407,26,30.8
201502,9,1.8
201502,2,4.7
201502,10,5.3
201502,1,5.4
201502,3,5.5
201502,8,5.7
201502,4,5.8
201502,6,5.9
201502,7,6.1
201502,5,6.3
201502,13,6.3
201502,11,6.4
201502,27,6.5
201502,20,6.7
201502,28,6.7
201502,21,6.8
201502,19,6.9
201502,14,7.3
201502,25,7.5
201502,18,7.7
201502,24,7.9
201502,12,8
201502,15,8.1
201502,26,8.7
201502,16,9
201502,23,10.1
201502,17,11.1
201502,22,14.4
201503,10,4
201503,6,6.2
201503,3,6.4
201503,11,6.5
201503,13,7
201503,5,7.5
201503,7,7.7
201503,1,7.9
201503,25,7.9
201503,2,8.4
201503,12,8.4
201503,26,8.5
201503,24,8.6
201503,9,8.8
201503,4,8.9
201503,15,9.2
201503,14,9.6
201503,8,9.9
201503,27,10.2
201503,17,10.5
201503,16,10.6
201503,23,11.9
201503,21,12.9
201503,18,13.1
201503,22,13.4
201503,20,13.7
201503,30,14.1
201503,19,14.4
201503,31,14.5
201503,28,14.7
201503,29,15.7
201504,8,9.7
201504,9,9.8
201504,10,11.3
201504,12,11.9
201504,13,12.6
201504,7,12.7
201504,14,13
201504,15,14.2
201504,22,14.8
201504,11,14.9
201504,21,15.2
201504,18,15.4
201504,17,15.8
201504,23,15.8
201504,24,16.1
201504,1,16.5
201504,16,16.5
201504,6,16.7
201504,2,16.8
201504,26,16.9
201504,30,17.1
201504,4,17.3
201504,25,17.6
201504,19,17.7
201504,20,17.7
201504,5,17.8
201504,28,18
201504,27,18.1
201504,29,19.7
201504,3,19.9
201505,9,16.5
201505,7,16.7
201505,6,17.5
201505,1,18.3
201505,10,18.5
201505,8,18.6
201505,12,18.8
201505,17,19.1
201505,21,19.1
201505,11,19.2
201505,5,19.3
201505,22,19.3
201505,3,19.4
201505,18,19.4
201505,14,19.5
201505,23,19.8
201505,16,19.9
201505,24,20
201505,20,20.3
201505,2,20.6
201505,25,20.7
201505,15,20.9
201505,13,21
201505,4,21.4
201505,19,21.7
201505,30,21.9
201505,28,22.1
201505,26,22.8
201505,27,23.1
201505,29,23.5
201505,31,23.6
201506,5,16.5
201506,8,19.5
201506,19,19.6
201506,7,19.7
201506,18,19.7
201506,17,20.3
201506,6,20.4
201506,14,20.5
201506,16,20.9
201506,9,21
201506,10,21
201506,11,21
201506,22,21.4
201506,4,21.6
201506,13,21.7
201506,23,21.9
201506,24,22
201506,3,22.1
201506,29,22.1
201506,15,22.2
201506,27,22.2
201506,30,22.2
201506,20,22.3
201506,28,22.4
201506,25,23.2
201506,1,23.3
201506,2,23.3
201506,21,23.3
201506,12,25
201506,26,25.8
201507,6,20.7
201507,5,20.9
201507,4,21
201507,7,21.2
201507,2,22.1
201507,1,22.4
201507,3,22.5
201507,8,23.1
201507,17,23.8
201507,18,23.8
201507,9,24.1
201507,22,24.8
201507,14,25
201507,16,25.4
201507,23,25.7
201507,11,25.9
201507,19,26.6
201507,21,26.6
201507,15,26.8
201507,10,26.9
201507,12,27
201507,24,27.1
201507,13,27.4
201507,20,27.5
201507,28,28.4
201507,26,28.5
201507,25,28.7
201507,27,28.9
201507,29,28.9
201507,30,29.7
201507,31,29.8
201602,7,4.7
201602,15,4.9
201602,16,4.9
201602,25,4.9
201602,6,5.1
201602,26,5.1
201602,18,5.2
201602,8,5.4
201602,3,5.7
201602,17,5.8
201602,22,5.8
201602,4,6
201602,5,6.3
201602,21,6.9
201602,2,7
201602,10,7
201602,1,7.1
201602,11,7.3
201602,29,7.5
201602,23,7.8
201602,19,8
201602,24,8.1
201602,27,8.2
201602,9,8.6
201602,20,8.8
201602,28,10.7
201602,12,12.5
201602,14,14.2
201602,13,15.2
201603,1,4.4
201603,2,6.7
201603,12,7
201603,13,7.3
201603,11,8.2
201603,3,8.6
201603,25,8.8
201603,26,8.8
201603,14,9
201603,15,9.3
201603,10,9.7
201603,16,9.7
201603,27,9.7
201603,22,9.8
201603,21,10.4
201603,9,10.5
201603,24,10.7
201603,28,11
201603,4,11.5
201603,23,11.7
201603,20,11.8
201603,17,11.9
201603,29,12.3
201603,31,13
201603,8,14.3
201603,30,14.3
201603,19,14.9
201603,18,15
201603,5,15.2
201603,7,16.4
201603,6,18.5
201604,12,13.4
201604,1,14.3
201604,3,14.8
201604,6,14.8
201604,11,14.8
201604,18,14.9
201604,5,15.5
201604,4,15.6
201604,25,15.6
201604,19,15.7
201604,30,15.7
201604,9,15.8
201604,20,15.9
201604,23,15.9
201604,10,16.2
201604,24,16.2
201604,29,16.2
201604,8,16.3
201604,2,16.6
201604,28,16.7
201604,13,16.8
201604,15,17.1
201604,27,17.5
201604,16,17.8
201604,21,17.8
201604,22,18.6
201604,14,18.9
201604,26,19.1
201604,7,19.2
201604,17,20.4
201605,9,16.1
201605,12,16.7
201605,17,17.3
201605,10,17.6
201605,11,17.6
201605,1,18.2
201605,18,18.4
201605,6,18.5
201605,8,18.7
201605,16,18.9
201605,29,19.3
201605,13,19.6
201605,28,19.8
201605,3,20.1
201605,7,20.1
201605,2,20.2
201605,14,20.5
201605,19,20.5
201605,4,20.9
201605,25,20.9
201605,21,21.1
201605,22,21.1
201605,26,21.2
201605,5,22.2
201605,20,22.2
201605,31,22.4
201605,15,23
201605,24,23
201605,23,23.2
201605,30,23.3
201605,27,24
201606,5,17.8
201606,4,19.3
201606,27,20.1
201606,28,20.4
201606,7,20.6
201606,2,20.7
201606,3,20.7
201606,6,21.2
201606,8,21.8
201606,29,22
201606,1,22.1
201606,9,22.4
201606,25,22.4
201606,12,22.5
201606,30,23.2
201606,22,23.6
201606,26,23.6
201606,10,23.7
201606,18,23.7
201606,13,23.8
201606,17,23.8
201606,20,23.9
201606,16,24.1
201606,19,24.2
201606,14,24.3
201606,21,24.5
201606,11,25.4
201606,23,26
201606,15,26.2
201606,24,27.1
201607,8,23.6
201607,9,24.5
201607,1,24.9
201607,11,25.6
201607,13,25.6
201607,10,25.7
201607,15,26
201607,16,26.1
201607,17,26.6
201607,18,27
201607,22,27.2
201607,14,27.4
201607,23,27.4
201607,25,27.4
201607,4,27.6
201607,20,27.6
201607,24,27.6
201607,19,27.7
201607,21,27.8
201607,26,27.8
201607,5,27.9
201607,7,28
201607,12,28
201607,27,28.5
201607,29,28.7
201607,31,28.8
201607,6,28.9
201607,30,28.9
201607,28,29.2
201607,2,29.4
201607,3,29.5
201702,10,1.7
201702,11,3
201702,12,4.5
201702,15,5.3
201702,9,5.4
201702,13,5.4
201702,8,6.1
201702,1,6.2
201702,28,6.5
201702,14,6.7
201702,25,6.8
201702,2,7.1
201702,27,7.1
201702,19,7.2
201702,21,7.2
201702,22,7.6
201702,24,7.6
201702,16,7.9
201702,7,8.1
201702,26,8.1
201702,4,8.3
201702,6,8.5
201702,3,9.2
201702,18,9.9
201702,5,10.8
201702,20,11.2
201702,23,11.3
201702,17,14.6
201703,8,6.7
201703,1,7
201703,23,8.1
201703,7,8.3
201703,11,8.4
201703,15,8.5
201703,16,8.5
201703,24,8.6
201703,9,8.7
201703,18,8.7
201703,25,8.7
201703,5,9
201703,2,9.1
201703,12,9.1
201703,4,9.3
201703,17,9.3
201703,3,9.4
201703,31,9.4
201703,13,9.6
201703,20,9.6
201703,26,9.7
201703,6,9.8
201703,22,10
201703,27,10.3
201703,14,10.5
201703,29,10.6
201703,19,11
201703,21,11
201703,28,11
201703,10,11.1
201703,30,13.1
201704,2,9.5
201704,1,10.4
201704,3,11.6
201704,10,11.9
201704,4,12.3
201704,11,12.9
201704,12,14.4
201704,23,14.4
201704,20,14.7
201704,26,15.5
201704,5,15.6
201704,13,15.9
201704,24,15.9
201704,28,15.9
201704,21,16.2
201704,27,16.3
201704,14,16.4
201704,8,16.6
201704,7,16.8
201704,6,17
201704,16,17.1
201704,22,17.4
201704,9,17.5
201704,18,17.7
201704,15,17.9
201704,19,17.9
201704,25,18.4
201704,29,18.9
201704,17,19.3
201704,30,19.4
201705,9,16.5
201705,16,16.8
201705,2,17.5
201705,10,18.2
201705,12,18.2
201705,4,18.5
201705,17,18.8
201705,27,18.9
201705,18,19.2
201705,3,19.6
201705,24,19.8
201705,13,19.9
201705,15,20.1
201705,1,20.2
201705,26,20.2
201705,14,20.4
201705,19,20.5
201705,28,20.5
201705,6,20.8
201705,11,21.3
201705,20,21.3
201705,25,21.3
201705,21,21.4
201705,23,21.5
201705,7,21.6
201705,22,21.6
201705,8,21.7
201705,5,21.9
201705,29,22.3
201705,31,22.6
201705,30,22.8
201706,7,19.6
201706,13,19.7
201706,3,20.8
201706,5,21
201706,6,21.2
201706,12,21.3
201706,4,21.6
201706,9,21.7
201706,14,21.8
201706,8,22
201706,11,22.1
201706,10,22.4
201706,22,22.4
201706,27,22.5
201706,1,22.7
201706,20,22.8
201706,21,22.8
201706,23,22.8
201706,15,22.9
201706,17,22.9
201706,24,23
201706,26,23.1
201706,28,23.2
201706,2,23.3
201706,16,23.5
201706,25,23.7
201706,18,24.1
201706,29,24.3
201706,19,24.6
201706,30,25.8
201707,7,23.7
201707,6,24.3
201707,5,25.7
201707,8,25.9
201707,9,26.6
201707,4,26.9
201707,1,27.5
201707,13,27.8
201707,14,27.9
201707,18,27.9
201707,2,28.1
201707,10,28.2
201707,19,28.3
201707,15,28.5
201707,12,28.6
201707,20,28.8
201707,25,29
201707,27,29
201707,31,29
201707,3,29.1
201707,16,29.2
201707,24,29.2
201707,22,29.3
201707,26,29.4
201707,23,29.5
201707,21,29.6
201707,17,29.7
201707,11,30.1
201707,28,30.2
201707,30,30.4
201707,29,30.5
201802,5,0.7
201802,6,1
201802,7,1.4
201802,4,1.5
201802,8,2
201802,12,3.3
201802,13,3.5
201802,1,3.6
201802,11,3.9
201802,2,4.5
201802,18,4.9
201802,3,5.2
201802,16,5.6
201802,9,5.9
201802,19,6.1
201802,14,6.5
201802,23,6.9
201802,24,7.3
201802,10,7.4
201802,22,7.5
201802,17,7.6
201802,20,7.6
201802,27,7.6
201802,25,8
201802,21,8.6
201802,15,8.7
201802,26,9.3
201802,28,9.7
201803,17,7
201803,10,7.1
201803,9,7.3
201803,3,7.9
201803,21,8
201803,7,8.3
201803,2,8.4
201803,23,8.7
201803,6,8.9
201803,11,8.9
201803,22,8.9
201803,12,9
201803,18,9.2
201803,20,9.8
201803,24,10
201803,8,10.1
201803,16,10.7
201803,13,11.1
201803,19,11.8
201803,25,11.9
201803,26,13
201803,31,13
201803,1,13.1
201803,14,13.3
201803,4,13.6
201803,5,14.1
201803,27,14.3
201803,28,14.5
201803,30,14.9
201803,29,15.4
201803,15,16.2
201804,7,9.5
201804,8,10.3
201804,17,13.1
201804,26,13.7
201804,16,13.8
201804,9,14.6
201804,18,15.1
201804,25,15.1
201804,5,15.3
201804,6,15.3
201804,10,15.5
201804,15,15.5
201804,19,15.6
201804,13,16.1
201804,1,16.5
201804,27,16.8
201804,20,17
201804,28,17.1
201804,2,17.5
201804,14,17.9
201804,3,18
201804,4,18
201804,29,18.2
201804,12,18.7
201804,21,19
201804,22,19.2
201804,23,19.2
201804,24,19.7
201804,30,19.8
201804,11,20.6
201805,10,15.3
201805,8,16.3
201805,6,16.4
201805,9,16.4
201805,5,16.6
201805,11,16.8
201805,4,17.4
201805,20,17.9
201805,7,18.3
201805,19,18.5
201805,23,18.5
201805,3,18.8
201805,13,18.8
201805,1,19.3
201805,12,19.6
201805,21,19.8
201805,22,20.2
201805,2,20.3
201805,26,20.3
201805,14,20.4
201805,29,20.4
201805,31,20.7
201805,15,20.9
201805,27,21.1
201805,30,21.1
201805,24,21.8
201805,25,22.1
201805,28,22.2
201805,17,22.7
201805,16,22.9
201805,18,24
201806,6,19
201806,14,19.3
201806,5,19.7
201806,23,19.8
201806,10,20.4
201806,11,20.8
201806,7,21.1
201806,2,21.2
201806,16,21.3
201806,1,21.6
201806,12,21.9
201806,13,22.1
201806,20,22.1
201806,3,22.2
201806,19,22.3
201806,15,22.4
201806,8,22.5
201806,24,22.7
201806,17,22.9
201806,18,23.1
201806,4,23.3
201806,21,23.4
201806,22,23.7
201806,9,24.3
201806,25,24.6
201806,26,25.2
201806,30,25.3
201806,29,26.6
201806,27,29.6
201806,28,30.1
201807,7,23
201807,6,23.4
201807,8,24.5
201807,5,25.1
201807,3,26
201807,29,27
201807,30,27
201807,31,27
201807,11,27.2
201807,1,27.7
201807,9,27.7
201807,2,27.9
201807,10,28.3
201807,4,28.5
201807,15,28.7
201807,16,28.9
201807,17,28.9
201807,21,28.9
201807,12,29
201807,14,29.4
201807,22,29.4
201807,18,29.6
201807,20,29.8
201807,23,30
201807,27,30
201807,28,30.1
201807,13,30.2
201807,19,30.3
201807,26,30.3
201807,25,31.1
201807,24,31.3
201902,2,5.7
201902,15,6.2
201902,9,6.3
201902,1,6.6
201902,12,6.6
201902,10,6.7
201902,18,6.7
201902,11,6.8
201902,17,7.1
201902,14,7.2
201902,5,7.5
201902,13,8
201902,8,8.2
201902,16,8.4
201902,22,8.6
201902,24,8.8
201902,27,8.9
201902,6,9.6
201902,21,9.9
201902,25,9.9
201902,7,10.2
201902,28,10.5
201902,26,10.9
201902,23,11
201902,3,11.1
201902,4,12
201902,19,12.2
201902,20,12.6
201903,15,8.3
201903,2,8.6
201903,25,8.6
201903,8,9.2
201903,3,9.3
201903,14,9.3
201903,13,9.6
201903,18,9.6
201903,24,9.9
201903,7,10
201903,16,10
201903,6,10.1
201903,5,10.3
201903,17,10.3
201903,19,10.3
201903,23,10.3
201903,9,10.4
201903,4,10.7
201903,1,11
201903,10,11.3
201903,31,11.3
201903,11,12.7
201903,20,12.9
201903,12,13
201903,22,13.8
201903,26,14
201903,29,14.3
201903,27,14.6
201903,30,16.1
201903,28,16.5
201903,21,18.8
201904,1,9.3
201904,3,9.3
201904,2,10.3
201904,4,11
201904,13,11.9
201904,5,12.5
201904,11,12.9
201904,28,13
201904,12,13.3
201904,14,13.3
201904,10,13.4
201904,9,13.7
201904,16,14.2
201904,15,14.3
201904,27,14.5
201904,6,14.7
201904,30,15.2
201904,7,15.3
201904,29,15.4
201904,17,16
201904,18,16.1
201904,20,16.5
201904,8,17
201904,19,17.3
201904,21,18
201904,23,18
201904,26,18.4
201904,24,18.9
201904,25,19.4
201904,22,20.1
201905,7,16.2
201905,8,16.2
201905,1,16.7
201905,9,17
201905,2,17.5
201905,10,17.8
201905,3,18.7
201905,4,18.9
201905,6,19.1
201905,5,19.2
201905,15,19.6
201905,18,19.6
201905,21,19.6
201905,12,19.9
201905,11,20
201905,19,20.3
201905,22,20.3
201905,23,20.4
201905,14,20.7
201905,31,20.7
201905,28,20.9
201905,20,21
201905,30,21
201905,13,21.5
201905,17,21.6
201905,16,21.8
201905,29,22.5
201905,24,22.7
201905,27,22.8
201905,25,23.3
201905,26,24
201906,2,19.3
201906,15,19.9
201906,14,20.9
201906,4,21.1
201906,1,21.3
201906,17,21.4
201906,18,21.4
201906,9,21.6
201906,16,21.8
201906,11,22
201906,3,22.1
201906,13,22.2
201906,12,22.4
201906,19,22.4
201906,8,22.7
201906,10,22.7
201906,23,22.8
201906,24,22.9
201906,5,23.3
201906,26,23.5
201906,25,23.9
201906,6,24.3
201906,22,24.3
201906,29,24.5
201906,7,25
201906,28,25
201906,30,25
201906,20,25.2
201906,21,25.6
201906,27,26.2
201907,13,21.8
201907,2,22.2
201907,14,22.2
201907,3,22.3
201907,10,23.2
201907,1,23.3
201907,9,23.9
201907,4,24.1
201907,5,24.2
201907,8,24.4
201907,19,24.8
201907,7,25.2
201907,12,25.3
201907,16,25.5
201907,6,25.7
201907,17,25.9
201907,15,26
201907,18,26.1
201907,22,26.1
201907,20,26.2
201907,21,26.8
201907,23,26.9
201907,24,27.1
201907,11,27.3
201907,29,28
201907,25,28.2
201907,30,28.7
201907,26,28.8
201907,27,28.8
201907,31,28.8
201907,28,29
202002,18,4.7
202002,19,5.3
202002,17,5.6
202002,7,5.9
202002,5,6
202002,6,6
202002,28,6.1
202002,9,6.2
202002,4,6.8
202002,2,7.6
202002,8,7.6
202002,1,8
202002,3,8
202002,11,8.1
202002,10,8.3
202002,29,8.3
202002,24,8.4
202002,20,8.7
202002,12,9.5
202002,27,9.5
202002,23,9.6
202002,21,9.7
202002,16,11.5
202002,15,11.9
202002,14,12
202002,13,13.5
202002,22,13.5
202002,26,13.5
202002,25,13.7
202003,6,7
202003,5,7.9
202003,16,8.2
202003,3,8.7
202003,7,8.7
202003,12,9.8
202003,1,9.9
202003,17,10
202003,14,10.2
202003,15,10.2
202003,13,10.5
202003,2,11.1
202003,4,11.2
202003,9,11.2
202003,24,11.2
202003,25,11.2
202003,30,11.3
202003,29,11.9
202003,31,11.9
202003,11,12.1
202003,21,12.1
202003,18,12.4
202003,20,12.4
202003,8,12.7
202003,26,13
202003,28,13.4
202003,19,14
202003,23,14.6
202003,22,14.7
202003,10,15.4
202003,27,18.2
202004,13,9.6
202004,6,10.2
202004,12,10.3
202004,3,11.5
202004,23,11.9
202004,1,12.3
202004,5,12.3
202004,11,12.3
202004,2,12.5
202004,7,12.7
202004,24,12.9
202004,10,13
202004,22,13.4
202004,9,13.5
202004,15,13.9
202004,19,13.9
202004,8,14.5
202004,14,14.5
202004,4,14.9
202004,25,15.1
202004,28,15.6
202004,29,15.7
202004,27,15.8
202004,16,16
202004,17,16
202004,21,16.5
202004,30,16.5
202004,20,16.9
202004,18,17.1
202004,26,17.5
202005,21,17.5
202005,3,17.6
202005,22,17.6
202005,16,18.2
202005,4,18.5
202005,8,18.6
202005,1,18.8
202005,7,18.8
202005,20,19
202005,15,19.6
202005,31,19.6
202005,14,19.8
202005,18,19.8
202005,2,20
202005,13,20.3
202005,9,20.4
202005,23,20.4
202005,26,20.4
202005,30,20.6
202005,5,20.9
202005,12,20.9
202005,10,21
202005,19,21.1
202005,17,21.2
202005,29,21.2
202005,6,21.7
202005,27,21.7
202005,25,22.1
202005,11,22.2
202005,28,22.3
202005,24,23
202006,21,20.7
202006,18,20.8
202006,3,21.4
202006,19,21.7
202006,20,21.7
202006,10,22.4
202006,2,22.6
202006,1,22.7
202006,4,23
202006,22,23.3
202006,8,23.6
202006,6,23.8
202006,27,23.8
202006,11,23.9
202006,5,24.3
202006,7,24.3
202006,9,24.4
202006,17,24.4
202006,29,24.4
202006,25,24.6
202006,12,25
202006,23,25.1
202006,28,25.1
202006,16,25.2
202006,15,25.7
202006,13,25.8
202006,30,25.8
202006,24,26.1
202006,26,26.8
202006,14,28.3
202007,3,21
202007,7,22.6
202007,15,22.6
202007,12,22.8
202007,4,23
202007,5,23.4
202007,16,23.4
202007,9,23.7
202007,14,23.7
202007,2,23.8
202007,6,23.9
202007,13,24
202007,1,24.2
202007,8,24.3
202007,10,24.4
202007,11,24.7
202007,17,24.8
202007,18,25.1
202007,24,25.2
202007,26,25.3
202007,23,26.1
202007,19,26.4
202007,27,26.5
202007,28,26.7
202007,25,26.9
202007,22,27.6
202007,29,27.7
202007,20,28.2
202007,21,28.6
202007,30,28.7
202007,31,29.3
202102,18,1.4
202102,17,3.4
202102,19,5.1
202102,3,5.8
202102,10,6.2
202102,9,6.8
202102,5,6.9
202102,4,7.4
202102,26,7.8
202102,25,8
202102,16,8.3
202102,27,8.3
202102,11,8.4
202102,24,9
202102,8,9.2
202102,28,9.3
202102,2,9.6
202102,6,10
202102,7,10.4
202102,12,10.7
202102,13,11.4
202102,20,12.2
202102,1,12.4
202102,14,12.6
202102,15,13.4
202102,23,13.5
202102,22,16
202102,21,17.4
202103,3,6.5
202103,4,8
202103,7,9.2
202103,9,9.7
202103,22,10.2
202103,11,10.4
202103,2,10.6
202103,23,10.6
202103,14,10.8
202103,15,10.9
202103,8,11.2
202103,10,11.4
202103,5,11.9
202103,18,12.3
202103,24,12.4
202103,13,12.6
202103,12,12.7
202103,6,13
202103,31,13.5
202103,21,13.9
202103,19,14.1
202103,1,14.4
202103,26,14.9
202103,30,15.1
202103,25,15.2
202103,29,15.2
202103,16,15.3
202103,17,15.7
202103,27,15.7
202103,20,15.9
202103,28,16.4
202104,10,11.9
202104,15,12
202104,6,12.1
202104,11,12.2
202104,5,13.2
202104,16,13.2
202104,18,13.2
202104,19,13.3
202104,9,14
202104,14,14
202104,12,14.2
202104,7,14.6
202104,26,14.7
202104,1,14.9
202104,17,15.1
202104,20,15.2
202104,8,15.4
202104,29,15.9
202104,27,16.7
202104,4,16.8
202104,21,17
202104,13,17.5
202104,28,17.5
202104,25,17.6
202104,22,17.8
202104,2,17.9
202104,3,18.4
202104,23,18.4
202104,30,19.3
202104,24,20
202105,2,14
202105,3,14.9
202105,12,16.2
202105,7,16.5
202105,6,16.9
202105,4,17.2
202105,24,17.5
202105,13,18.2
202105,8,18.3
202105,27,18.4
202105,11,18.7
202105,1,19
202105,10,19
202105,26,19.1
202105,5,19.3
202105,22,19.4
202105,18,19.6
202105,20,20
202105,28,20.5
202105,19,20.8
202105,23,20.8
202105,31,20.9
202105,25,21.1
202105,14,21.2
202105,21,21.2
202105,30,21.4
202105,9,21.7
202105,15,21.8
202105,17,22.8
202105,29,23
202105,16,25.4
202106,5,20.2
202106,6,20.3
202106,16,21
202106,4,21.2
202106,3,21.6
202106,1,21.8
202106,7,22.5
202106,27,22.5
202106,13,22.9
202106,2,23
202106,17,23
202106,18,23
202106,14,23.2
202106,21,23.4
202106,28,23.4
202106,22,23.5
202106,23,23.5
202106,12,23.7
202106,24,23.8
202106,15,23.9
202106,26,23.9
202106,20,24.2
202106,8,24.3
202106,11,24.5
202106,19,24.7
202106,25,25
202106,10,25.3
202106,29,25.7
202106,9,25.9
202106,30,26.1
202107,1,22.9
202107,17,23.9
202107,10,24.2
202107,16,24.2
202107,18,24.2
202107,19,24.8
202107,3,25.1
202107,2,25.2
202107,9,25.3
202107,11,25.8
202107,15,26.3
202107,20,26.3
202107,26,26.6
202107,13,27.1
202107,21,27.2
202107,22,27.3
202107,25,27.4
202107,12,27.5
202107,14,27.8
202107,6,28
202107,23,28
202107,24,28.2
202107,27,28.3
202107,28,28.5
202107,29,28.5
202107,5,28.6
202107,8,28.8
202107,4,29.1
202107,30,29.1
202107,31,29.6
202107,7,29.9
202202,17,1.7
202202,18,3.4
202202,6,4
202202,21,4
202202,24,4.1
202202,23,4.3
202202,5,4.7
202202,20,4.7
202202,16,5
202202,22,5
202202,25,5.2
202202,7,5.3
202202,19,5.3
202202,8,5.9
202202,1,6
202202,2,6.1
202202,4,6.2
202202,9,6.2
202202,26,6.2
202202,3,6.6
202202,11,7.5
202202,13,7.5
202202,12,7.6
202202,28,7.8
202202,15,8
202202,10,8.1
202202,14,8.1
202202,27,9.7
202203,7,5.7
202203,8,7.4
202203,4,7.7
202203,6,8.1
202203,23,8.5
202203,9,8.7
202203,3,9.1
202203,10,9.4
202203,24,9.8
202203,22,9.9
202203,20,10
202203,1,10.4
202203,21,10.5
202203,18,11.2
202203,19,11.5
202203,2,11.6
202203,5,11.9
202203,11,11.9
202203,29,12.6
202203,28,13.2
202203,25,14
202203,17,14.2
202203,31,14.4
202203,16,14.5
202203,12,14.9
202203,30,15.2
202203,13,15.4
202203,27,16.5
202203,15,17.1
202203,14,17.7
202203,26,17.8
202204,2,9.4
202204,3,10.5
202204,1,11.7
202204,4,12
202204,5,12.2
202204,16,13.9
202204,17,14.3
202204,7,14.5
202204,21,14.5
202204,18,14.6
202204,30,14.6
202204,15,14.9
202204,6,15.1
202204,19,16
202204,8,16.1
202204,14,16.3
202204,9,16.4
202204,20,16.4
202204,24,16.4
202204,22,16.5
202204,23,16.5
202204,10,17.1
202204,25,17.1
202204,11,17.2
202204,29,17.4
202204,13,18.5
202204,12,19
202204,28,19.3
202204,27,21.4
202204,26,21.9
202205,3,14.8
202205,1,16.4
202205,15,16.4
202205,2,16.5
202205,4,16.8
202205,9,17.5
202205,16,17.7
202205,10,17.9
202205,11,17.9
202205,12,17.9
202205,13,18.5
202205,30,18.8
202205,17,18.9
202205,21,19
202205,18,19.3
202205,19,19.3
202205,20,19.3
202205,5,19.5
202205,8,19.6
202205,14,19.7
202205,6,19.9
202205,7,21
202205,26,21
202205,22,21.3
202205,23,22
202205,24,22.4
202205,31,22.6
202205,28,23.1
202205,25,23.3
202205,29,23.8
202205,27,24.3
202206,14,18.6
202206,13,19.8
202206,5,20.1
202206,11,20.2
202206,1,20.9
202206,9,20.9
202206,8,21.1
202206,15,21.3
202206,6,21.4
202206,7,21.7
202206,2,22
202206,4,22.6
202206,3,23
202206,12,23
202206,10,23.3
202206,21,23.4
202206,16,23.9
202206,17,24.3
202206,18,24.3
202206,20,24.4
202206,25,24.6
202206,19,25.2
202206,22,25.8
202206,26,25.8
202206,27,26
202206,30,27
202206,28,28
202206,29,28.3
202206,23,29.2
202206,24,30.5
202207,16,25
202207,5,25.1
202207,15,25.8
202207,4,26.4
202207,20,26.5
202207,18,26.6
202207,17,26.7
202207,2,26.8
202207,3,26.8
202207,8,27.2
202207,23,27.2
202207,24,27.2
202207,1,27.3
202207,6,27.3
202207,19,27.3
202207,13,27.7
202207,30,27.7
202207,25,27.8
202207,9,27.9
202207,31,28.2
202207,26,28.3
202207,27,28.3
202207,14,28.4
202207,22,28.4
202207,7,28.5
202207,11,28.5
202207,12,28.6
202207,10,28.7
202207,28,28.7
202207,29,29
202207,21,29.6
202302,5,5
202302,16,5.2
202302,6,5.3
202302,15,5.4
202302,3,6.1
202302,4,6.1
202302,27,6.3
202302,21,6.5
202302,22,6.6
202302,26,7
202302,17,7.2
202302,25,7.4
202302,7,7.6
202302,9,7.7
202302,14,7.9
202302,28,8.3
202302,2,8.7
202302,23,8.8
202302,1,9
202302,10,9
202302,8,9.2
202302,20,9.2
202302,12,9.3
202302,24,9.4
202302,11,9.5
202302,13,10.4
202302,18,13.2
202302,19,15.2
202303,3,7
202303,14,7.9
202303,4,8.8
202303,5,8.9
202303,2,9
202303,13,9.1
202303,6,9.3
202303,19,10.7
202303,7,11
202303,1,11.7
202303,29,11.9
202303,30,12
202303,8,12.1
202303,27,12.1
202303,20,12.2
202303,18,12.3
202303,28,12.5
202303,9,12.6
202303,17,12.8
202303,15,13
202303,21,13
202303,26,13.1
202303,11,14.3
202303,25,14.5
202303,16,14.7
202303,22,14.7
202303,31,15
202303,10,15.1
202303,12,16.1
202303,24,16.5
202303,23,19
202304,9,12.7
202304,25,13.3
202304,10,13.6
202304,24,13.6
202304,8,13.7
202304,13,13.9
202304,14,13.9
202304,3,14.3
202304,7,14.7
202304,27,14.7
202304,17,14.9
202304,1,15.2
202304,23,15.4
202304,15,15.6
202304,16,15.9
202304,2,16
202304,26,16.3
202304,22,16.4
202304,4,16.8
202304,12,16.9
202304,28,16.9
202304,11,17.2
202304,5,17.5
202304,30,17.7
202304,18,18.2
202304,19,18.4
202304,29,18.7
202304,6,19.1
202304,21,19.2
202304,20,20.5
